,repository_name,repository_language
0,.github,.github
1,aegisthus,aegisthus
2,af_tsa,af_tsa
3,aminator,aminator
4,archaius,archaius
5,asgard,asgard
6,astyanax,astyanax
7,atlas,atlas
8,atlas-docs,atlas-docs
9,aws-autoscaling,aws-autoscaling
10,awsobjectmapper,awsobjectmapper
11,batch_request_api,batch_request_api
12,batch_request_client,batch_request_client
13,bbparse,bbparse
14,bettertls,bettertls
15,blesk,blesk
16,bless,bless
17,blitz4j,blitz4j
18,bpftop,bpftop
19,brutal,brutal
20,cachemover,cachemover
21,CassJMeter,CassJMeter
22,chaosmonkey,chaosmonkey
23,Cloud-Prize,Cloud-Prize
24,clove,clove
25,codec_compare,codec_compare
26,concurrency-limits,concurrency-limits
27,conductor,conductor
28,conductor-community,conductor-community
29,conductor-docs,conductor-docs
30,conductor-ui,conductor-ui
31,consoleme,consoleme
32,curator,curator
33,denominator,denominator
34,derand,derand
35,dgs,dgs
36,dgs-codegen,dgs-codegen
37,dgs-examples-java,dgs-examples-java
38,dgs-examples-java-2.7,dgs-examples-java-2.7
39,dgs-examples-java.latest,dgs-examples-java.latest
40,dgs-examples-java16,dgs-examples-java16
41,dgs-examples-kotlin,dgs-examples-kotlin
42,dgs-examples-kotlin-2.7,dgs-examples-kotlin-2.7
43,dgs-examples-webflux,dgs-examples-webflux
44,dgs-federation-example,dgs-federation-example
45,dgs-framework,dgs-framework
46,dgs-intellij-plugin,dgs-intellij-plugin
47,dial-reference,dial-reference
48,dispatch,dispatch
49,dispatch-docker,dispatch-docker
50,dyno,dyno
51,dyno-queues,dyno-queues
52,dynomite,dynomite
53,dynomite-manager,dynomite-manager
54,e2nest,e2nest
55,eclipse-jifa,eclipse-jifa
56,eclipse-mat,eclipse-mat
57,edda,edda
58,edda-client,edda-client
59,element-server,element-server
60,ember-batch-request,ember-batch-request
61,ember-nf-graph,ember-nf-graph
62,ember-nf-graph-examples,ember-nf-graph-examples
63,eslint-config-netflix,eslint-config-netflix
64,eslint-config-netflix-dea,eslint-config-netflix-dea
65,eureka,eureka
66,eureka-ui,eureka-ui
67,EVCache,EVCache
68,fabricator,fabricator
69,falcor,falcor
70,falcor-datasource-chainer,falcor-datasource-chainer
71,falcor-express,falcor-express
72,falcor-express-demo,falcor-express-demo
73,falcor-hapi,falcor-hapi
74,falcor-hapi-demo,falcor-hapi-demo
75,falcor-http-datasource,falcor-http-datasource
76,falcor-json-graph,falcor-json-graph
77,falcor-observable,falcor-observable
78,falcor-path-syntax,falcor-path-syntax
79,falcor-path-utils,falcor-path-utils
80,falcor-restify,falcor-restify
81,falcor-restify-demo,falcor-restify-demo
82,falcor-router,falcor-router
83,falcor-router-demo,falcor-router-demo
84,fast_jsonapi,fast_jsonapi
85,Fenzo,Fenzo
86,Fido,Fido
87,flamescope,flamescope
88,frigga,frigga
89,genie,genie
90,glisten,glisten
91,go-env,go-env
92,go-expect,go-expect
93,go-iomux,go-iomux
94,governator,governator
95,gradle-template,gradle-template
96,hal-9001,hal-9001
97,hollow,hollow
98,hollow-reference-implementation,hollow-reference-implementation
99,hubcommander,hubcommander
100,Hystrix,Hystrix
101,iceberg,iceberg
102,iceberg-python,iceberg-python
103,iep,iep
104,iep-shadow,iep-shadow
105,image_compression_comparison,image_compression_comparison
106,inviso,inviso
107,karyon,karyon
108,lemur,lemur
109,lemur-docker,lemur-docker
110,libamicontained,libamicontained
111,Lipstick,Lipstick
112,maestro,maestro
113,mantis,mantis
114,mantis-api,mantis-api
115,mantis-cli,mantis-cli
116,mantis-connectors,mantis-connectors
117,mantis-control-plane,mantis-control-plane
118,mantis-examples,mantis-examples
119,mantis-gradle-plugin,mantis-gradle-plugin
120,mantis-helm,mantis-helm
121,mantis-mql,mantis-mql
122,mantis-rxcontrol,mantis-rxcontrol
123,mantis-rxnetty,mantis-rxnetty
124,mantis-source-jobs,mantis-source-jobs
125,mantis-ui,mantis-ui
126,matchcut,matchcut
127,metacat,metacat
128,metaflow,metaflow
129,metaflow-docs,metaflow-docs
130,metaflow-extensions-template,metaflow-extensions-template
131,metaflow-nflx-extensions,metaflow-nflx-extensions
132,metaflow-service,metaflow-service
133,metaflow-tools,metaflow-tools
134,metaflow-ui,metaflow-ui
135,metrics-client-go,metrics-client-go
136,msl,msl
137,ndbench,ndbench
138,nerror,nerror
139,netflix-commons,netflix-commons
140,netflix-graph,netflix-graph
141,netflix.github.com,netflix.github.com
142,netflixoss-npm-build-infrastructure,netflixoss-npm-build-infrastructure
143,nf-data-explorer,nf-data-explorer
144,nflx-geofeed,nflx-geofeed
145,nflxprofile,nflxprofile
146,NfWebCrypto,NfWebCrypto
147,Nicobar,Nicobar
148,ocelli,ocelli
149,octodns,octodns
150,octodns-ns1,octodns-ns1
151,octodns-route53,octodns-route53
152,octodns-ultra,octodns-ultra
153,OpenVPCal,OpenVPCal
154,osstracker,osstracker
155,p2plab,p2plab
156,photon,photon
157,PigPen,PigPen
158,pollyjs,pollyjs
159,polynote,polynote
160,Prana,Prana
161,Priam,Priam
162,probnik,probnik
163,pygenie,pygenie
164,pytheas,pytheas
165,q,q
166,Raigad,Raigad
167,ReactiveLab,ReactiveLab
168,reactivesocket-examples,reactivesocket-examples
169,read_bbrlog,read_bbrlog
170,recipes-rss,recipes-rss
171,rend,rend
172,rend-http,rend-http
173,rend-lmdb,rend-lmdb
174,repokid,repokid
175,restful-jsonapi,restful-jsonapi
176,ribbon,ribbon
177,runtime-health,runtime-health
178,rx-aws-java-sdk,rx-aws-java-sdk
179,s3mper,s3mper
180,security-bulletins,security-bulletins
181,security_monkey,security_monkey
182,servo,servo
183,sherlock,sherlock
184,signal-wrapper,signal-wrapper
185,SimianArmy,SimianArmy
186,sleepy-puppy-docker,sleepy-puppy-docker
187,spark,spark
188,spectator,spectator
189,spectator-cpp,spectator-cpp
190,spectator-go,spectator-go
191,spectator-go-runtime-metrics,spectator-go-runtime-metrics
192,spectator-js,spectator-js
193,spectator-py,spectator-py
194,spectator-rb,spectator-rb
195,staash,staash
196,sureal,sureal
197,suro,suro
198,Surus,Surus
199,taskintrospection,taskintrospection
200,tcplog_dumper,tcplog_dumper
201,techreports,techreports
202,titus,titus
203,titus-api-definitions,titus-api-definitions
204,titus-control-plane,titus-control-plane
205,titus-executor,titus-executor
206,titus-kube-common,titus-kube-common
207,tslint-config-netflix,tslint-config-netflix
208,Turbine,Turbine
209,unleash,unleash
210,user2020-metaflow-tutorial,user2020-metaflow-tutorial
211,vector,vector
212,vectorflow,vectorflow
213,videoannotator,videoannotator
214,virtual-kubelet,virtual-kubelet
215,vizceral,vizceral
216,vizceral-component,vizceral-component
217,vizceral-example,vizceral-example
218,vizceral-react,vizceral-react
219,vmaf,vmaf
220,vmaf_resource,vmaf_resource
221,vp9-dash,vp9-dash
222,webpack-parse-query,webpack-parse-query
223,weep,weep
224,Workflowable,Workflowable
225,x-element,x-element
226,x-test,x-test
227,yetch,yetch
228,zeno,zeno
229,zuul,zuul
